Read	Aligned to	Norm dist	Mut	Mut dist
1	AMPL62	352	AMPL62|.|chr5|112174748|C|T	352	
2	AMPL62	354	AMPL62|.|chr5|112174748|C|T	354	
3	AMPL62	353	AMPL62|.|chr5|112174748|C|T	353	
4	AMPL62	351	AMPL62|.|chr5|112174748|C|T	351	
5	AMPL62	354	AMPL62|.|chr5|112174748|C|T	354	
6	AMPL62	353	AMPL62|.|chr5|112174748|C|T	354	
7	AMPL62	352	AMPL62|.|chr5|112174748|C|T	352	
8	AMPL62	352	AMPL62|.|chr5|112174748|C|T	352	
9	AMPL62	351	AMPL62|.|chr5|112174748|C|T	351	
10	AMPL62	353	AMPL62|.|chr5|112174748|C|T	353	
11	AMPL62	353	AMPL62|.|chr5|112174748|C|T	354	
12	AMPL62	353	AMPL62|.|chr5|112174748|C|T	353	
13	AMPL62	353	AMPL62|.|chr5|112174748|C|T	353	
14	AMPL26	352	AMPL26|rs17882252|chr17|7574012|C|T	352	
15	AMPL26	352	AMPL26|rs17882252|chr17|7574012|C|T	352	
16	AMPL26	351	AMPL26|rs17882252|chr17|7574012|C|T	352	
17	AMPL2	353	AMPL2|rs1800863|chr10|43615633|C|G	352	
18	AMPL2	353	AMPL2|rs1800863|chr10|43615633|C|G	353	
19	AMPL2	353	AMPL2|rs1800863|chr10|43615633|C|G	354	
20	AMPL2	352	AMPL2|rs1800863|chr10|43615633|C|G	352	
21	AMPL2	353	AMPL2|rs1800863|chr10|43615633|C|G	353	
22	AMPL2	354	AMPL2|rs1800863|chr10|43615633|C|G	354	
23	AMPL2	353	AMPL2|rs1800863|chr10|43615633|C|G	353	
24	AMPL2	353	AMPL2|rs1800863|chr10|43615633|C|G	353	
25	AMPL11	352	AMPL11|.|chr11|108170511|A|G	352	
26	AMPL11	352	AMPL11|.|chr11|108170511|A|G	352	
27	AMPL11	352	AMPL11|.|chr11|108170511|A|G	352	
28	AMPL11	353	AMPL11|.|chr11|108170511|A|G	353	
29	AMPL11	353	AMPL11|.|chr11|108170511|A|G	353	
30	AMPL11	353	AMPL11|.|chr11|108170511|A|G	353	
31	AMPL61	352	AMPL61|rs2305949|chr4|55980456|C|T	353	
32	AMPL61	353	AMPL61|rs2305949|chr4|55980456|C|T	353	
33	AMPL61	353	AMPL61|rs2305949|chr4|55980456|C|T	354	
34	AMPL61	352	AMPL61|rs2305949|chr4|55980456|C|T	353	
35	AMPL61	351	AMPL61|rs2305949|chr4|55980456|C|T	352	
36	AMPL61	350	AMPL61|rs2305949|chr4|55980456|C|T	350	
37	AMPL46	350	AMPL46|rs2699895|chr3|178921639|C|A	350	
38	AMPL46	351	AMPL46|rs2699895|chr3|178921639|C|A	351	
39	AMPL46	351	AMPL46|rs2699895|chr3|178921639|C|A	351	
40	AMPL31	353	AMPL31|.|chr17|37881039|C|T	353	
41	AMPL31	353	AMPL31|.|chr17|37881039|C|T	353	
42	AMPL31	353	AMPL31|.|chr17|37881039|C|T	353	
43	AMPL31	353	AMPL31|.|chr17|37881039|C|T	353	
44	AMPL31	352	AMPL31|.|chr17|37881039|C|T	352	
45	AMPL31	353	AMPL31|.|chr17|37881039|C|T	353	
46	AMPL63	352	AMPL63|rs41115|chr5|112175770|G|A	352	
47	AMPL63	350	AMPL63|rs41115|chr5|112175770|G|A	350	
48	AMPL63	350	AMPL63|rs41115|chr5|112175770|G|A	350	
49	AMPL63	351	AMPL63|rs41115|chr5|112175770|G|A	351	
50	AMPL15	352	AMPL15|rs227075|chr11|108218196|T|C	353	
51	AMPL4	352	AMPL4|.|chr10|89711950|C|T	352	
52	AMPL56	353	AMPL56|rs4421048|chr4|55946081|A|G	354	
53	AMPL56	351	AMPL56|rs4421048|chr4|55946081|A|G	351	
54	AMPL56	353	AMPL56|rs4421048|chr4|55946081|A|G	353	
55	AMPL56	352	AMPL56|rs4421048|chr4|55946081|A|G	352	
56	AMPL3	354	AMPL3|.|chr10|89624335|C|T	354	
57	AMPL3	352	AMPL3|.|chr10|89624335|C|T	352	
58	AMPL3	352	AMPL3|.|chr10|89624335|C|T	352	
59	AMPL3	352	AMPL3|.|chr10|89624335|C|T	352	
60	AMPL3	352	AMPL3|.|chr10|89624335|C|T	352	
61	AMPL3	352	AMPL3|.|chr10|89624335|C|T	352	
62	AMPL3	351	AMPL3|.|chr10|89624335|C|T	351	
63	AMPL3	352	AMPL3|.|chr10|89624335|C|T	352	
64	AMPL82	352	AMPL82|.|chr9|133750487|GT|G	351	
65	AMPL82	350	AMPL82|.|chr9|133750487|GT|G	349	
66	AMPL54	353	AMPL54|rs1873778|chr4|55141055|A|G	353	
67	AMPL54	353	AMPL54|rs1873778|chr4|55141055|A|G	353	
68	AMPL54	352	AMPL54|rs1873778|chr4|55141055|A|G	352	
69	AMPL54	352	AMPL54|rs1873778|chr4|55141055|A|G	352	
70	AMPL54	351	AMPL54|rs1873778|chr4|55141055|A|G	351	
71	AMPL54	351	AMPL54|rs1873778|chr4|55141055|A|G	351	
72	AMPL54	351	AMPL54|rs1873778|chr4|55141055|A|G	351	
73	AMPL54	352	AMPL54|rs1873778|chr4|55141055|A|G	352	
74	AMPL54	353	AMPL54|rs1873778|chr4|55141055|A|G	353	
75	AMPL54	353	AMPL54|rs1873778|chr4|55141055|A|G	353	
76	AMPL54	352	AMPL54|rs1873778|chr4|55141055|A|G	352	
77	AMPL54	351	AMPL54|rs1873778|chr4|55141055|A|G	351	
78	AMPL54	352	AMPL54|rs1873778|chr4|55141055|A|G	352	
79	AMPL54	351	AMPL54|rs1873778|chr4|55141055|A|G	351	
80	AMPL54	353	AMPL54|rs1873778|chr4|55141055|A|G	353	
81	AMPL54	352	AMPL54|rs1873778|chr4|55141055|A|G	352	
82	AMPL54	352	AMPL54|rs1873778|chr4|55141055|A|G	352	
83	AMPL54	352	AMPL54|rs1873778|chr4|55141055|A|G	352	
84	AMPL54	351	AMPL54|rs1873778|chr4|55141055|A|G	351	
85	AMPL54	351	AMPL54|rs1873778|chr4|55141055|A|G	351	
86	AMPL54	353	AMPL54|rs1873778|chr4|55141055|A|G	353	
87	AMPL54	352	AMPL54|rs1873778|chr4|55141055|A|G	352	
88	AMPL54	351	AMPL54|rs1873778|chr4|55141055|A|G	351	
89	AMPL54	352	AMPL54|rs1873778|chr4|55141055|A|G	352	
90	AMPL54	352	AMPL54|rs1873778|chr4|55141055|A|G	352	
91	AMPL54	351	AMPL54|rs1873778|chr4|55141055|A|G	350	
92	AMPL54	351	AMPL54|rs1873778|chr4|55141055|A|G	351	
93	AMPL54	351	AMPL54|rs1873778|chr4|55141055|A|G	351	
94	AMPL54	351	AMPL54|rs1873778|chr4|55141055|A|G	351	
95	AMPL54	350	AMPL54|rs1873778|chr4|55141055|A|G	350	
96	AMPL54	351	AMPL54|rs1873778|chr4|55141055|A|G	351	
97	AMPL54	353	AMPL54|rs1873778|chr4|55141055|A|G	353	
98	AMPL54	352	AMPL54|rs1873778|chr4|55141055|A|G	352	
99	AMPL54	354	AMPL54|rs1873778|chr4|55141055|A|G	354	
100	AMPL54	352	AMPL54|rs1873778|chr4|55141055|A|G	352	
101	AMPL54	351	AMPL54|rs1873778|chr4|55141055|A|G	351	
102	AMPL54	352	AMPL54|rs1873778|chr4|55141055|A|G	353	
103	AMPL54	351	AMPL54|rs1873778|chr4|55141055|A|G	351	
104	AMPL54	351	AMPL54|rs1873778|chr4|55141055|A|G	351	
105	AMPL60	350	AMPL60|rs1870377|chr4|55972974|T|A	350	
106	AMPL25	352	AMPL25|.|chr14|105246503|C|T	352	
107	AMPL25	352	AMPL25|.|chr14|105246503|C|T	352	
108	AMPL25	352	AMPL25|.|chr14|105246503|C|T	352	
109	AMPL25	353	AMPL25|.|chr14|105246503|C|T	353	
110	AMPL24	352	AMPL24|.|chr13|49027160|CA|C	351	
111	AMPL24	352	AMPL24|.|chr13|49027160|CA|C	351	
112	AMPL43	351	AMPL43|.|chr2|212812201|T|C	351	
113	AMPL43	351	AMPL43|.|chr2|212812201|T|C	351	
114	AMPL43	352	AMPL43|.|chr2|212812201|T|C	352	
115	AMPL55	352	AMPL55|rs2228230|chr4|55152040|C|T	352	
116	AMPL55	353	AMPL55|rs2228230|chr4|55152040|C|T	353	
117	AMPL55	353	AMPL55|rs2228230|chr4|55152040|C|T	353	
118	AMPL55	350	AMPL55|rs2228230|chr4|55152040|C|T	350	
119	AMPL55	353	AMPL55|rs2228230|chr4|55152040|C|T	353	
120	AMPL55	350	AMPL55|rs2228230|chr4|55152040|C|T	350	
121	AMPL55	351	AMPL55|rs2228230|chr4|55152040|C|T	351	
122	AMPL55	351	AMPL55|rs2228230|chr4|55152040|C|T	351	
123	AMPL55	352	AMPL55|rs2228230|chr4|55152040|C|T	352	
124	AMPL55	350	AMPL55|rs2228230|chr4|55152040|C|T	350	
125	AMPL6	352	AMPL6|rs41294870|chr11|534332|G|A	352	
126	AMPL30	352	AMPL30|rs1042522|chr17|7579472|G|C	352	
127	AMPL30	351	AMPL30|rs1042522|chr17|7579472|G|C	351	
128	AMPL59	354	AMPL59|rs34085292,rs3214870|chr4|55962545|T|TG	355	
129	AMPL59	352	AMPL59|rs34085292,rs3214870|chr4|55962545|T|TG	353	
130	AMPL59	352	AMPL59|rs34085292,rs3214870|chr4|55962545|T|TG	351	
131	AMPL19	353	AMPL19|.|chr12|121431527|A|G	353	
132	AMPL64	352	AMPL64|.|chr5|170837527|C|T	352	
